equipment_id,equipment_type,age,maintenance_count,cost,risk_impact,labor_hours,failure_probability
EQUIP_0001,fuse_cutout,6,1,1652,1.02,2,0.296
EQUIP_0002,electric_pole,7,0,2302,1.29,4,0.457
EQUIP_0003,electric_pole,15,2,2711,1.31,4,0.51
EQUIP_0004,insulator,13,2,1099,1.53,1,0.405
EQUIP_0005,capacitor_bank,3,2,3716,1.25,4,0.354
EQUIP_0006,insulator,10,1,1345,0.91,2,0.453
EQUIP_0007,transformer,10,0,9056,2.94,19,0.725
EQUIP_0008,fuse_cutout,12,2,2018,1.51,3,0.395
EQUIP_0009,fuse_cutout,6,2,1811,0.86,3,0.249
EQUIP_0010,insulator,15,6,1459,1.69,1,0.475
EQUIP_0011,transformer,22,4,10457,3.35,12,1
EQUIP_0012,electric_pole,3,0,1727,1.36,6,0.216
EQUIP_0013,capacitor_bank,10,2,3733,1.41,4,0.536
EQUIP_0014,insulator,5,1,962,0.76,2,0.41
EQUIP_0015,switchgear,19,3,7832,2.62,11,0.79
EQUIP_0016,circuit_breaker,2,0,5595,2.22,14,0.566
EQUIP_0017,insulator,9,6,1259,1.29,1,0.331
EQUIP_0018,circuit_breaker,7,0,6362,2.87,13,0.673
EQUIP_0019,fuse_cutout,3,1,1647,1.46,2,0.253
EQUIP_0020,insulator,17,2,1417,1.17,2,0.676
EQUIP_0021,insulator,15,4,1198,1.13,1,0.384
EQUIP_0022,circuit_breaker,7,2,6890,2.98,13,0.728
EQUIP_0023,transformer,16,3,8469,3.5,13,0.912
EQUIP_0024,capacitor_bank,10,1,3550,1.78,4,0.425
EQUIP_0025,circuit_breaker,6,1,7601,2.47,15,0.681
EQUIP_0026,electric_pole,12,2,2379,1.45,6,0.501
EQUIP_0027,circuit_breaker,10,1,7341,2.92,13,0.719
EQUIP_0028,capacitor_bank,19,2,3467,1.82,6,0.65
EQUIP_0029,insulator,5,0,1070,1.04,2,0.278
EQUIP_0030,fuse_cutout,11,8,1558,1.52,3,0.458
EQUIP_0031,electric_pole,13,0,2117,1.14,4,0.476
EQUIP_0032,insulator,14,5,1408,1.6,2,0.462
EQUIP_0033,electric_pole,21,6,3210,1.58,7,0.676
EQUIP_0034,electric_pole,13,5,2514,1.17,6,0.605
EQUIP_0035,insulator,7,4,1013,1.09,2,0.342
EQUIP_0036,capacitor_bank,6,2,2800,1.87,5,0.463
EQUIP_0037,fuse_cutout,11,5,1756,1.26,2,0.345
EQUIP_0038,transformer,11,4,10257,3.34,19,0.929
EQUIP_0039,circuit_breaker,14,3,7790,2.7,14,0.754
EQUIP_0040,electric_pole,8,3,2669,1.44,4,0.47
EQUIP_0041,circuit_breaker,7,4,6220,2.32,14,0.585
EQUIP_0042,transformer,19,4,9942,3.29,13,0.997
EQUIP_0043,circuit_breaker,12,6,6350,2.42,13,0.703
EQUIP_0044,insulator,15,4,1417,1.41,1,0.487
EQUIP_0045,circuit_breaker,13,3,7963,2.62,8,0.8
EQUIP_0046,transformer,28,7,14086,3.58,14,1
EQUIP_0047,insulator,9,1,1321,1.33,1,0.32
EQUIP_0048,capacitor_bank,12,0,3864,2.19,5,0.538
EQUIP_0049,electric_pole,6,0,2431,1.67,6,0.348
EQUIP_0050,fuse_cutout,9,1,2011,0.9,3,0.345
EQUIP_0051,transformer,4,1,9488,3.05,12,0.754
EQUIP_0052,transformer,16,3,9399,3.29,15,0.96
EQUIP_0053,fuse_cutout,14,5,1784,1.29,3,0.453
EQUIP_0054,transformer,20,5,11417,3.54,13,0.971
EQUIP_0055,fuse_cutout,10,2,2038,1.62,2,0.472
EQUIP_0056,switchgear,11,2,5279,2.01,11,0.634
EQUIP_0057,electric_pole,15,6,2487,1.6,4,0.581
EQUIP_0058,switchgear,1,0,4420,2.33,9,0.444
EQUIP_0059,insulator,25,4,1692,1.31,2,0.659
EQUIP_0060,electric_pole,20,6,2443,2.03,6,0.595
EQUIP_0061,capacitor_bank,1,0,2573,1.86,5,0.298
EQUIP_0062,insulator,5,1,1291,1.47,1,0.427
EQUIP_0063,insulator,17,2,1534,1.76,1,0.573
EQUIP_0064,switchgear,4,0,4700,2.1,9,0.468
EQUIP_0065,fuse_cutout,17,5,1848,1.27,2,0.507
EQUIP_0066,switchgear,12,0,6130,2.35,7,0.627
EQUIP_0067,circuit_breaker,22,2,9515,2.87,14,0.762
EQUIP_0068,circuit_breaker,8,1,6185,2.48,13,0.634
EQUIP_0069,transformer,10,4,9240,3.11,12,0.831
EQUIP_0070,circuit_breaker,1,0,5531,2.43,12,0.558
EQUIP_0071,capacitor_bank,2,2,3202,1.94,4,0.322
EQUIP_0072,transformer,35,9,15313,3.87,11,1
EQUIP_0073,electric_pole,1,0,2378,1.16,5,0.339
EQUIP_0074,circuit_breaker,4,1,7557,2.78,12,0.569
EQUIP_0075,capacitor_bank,7,2,3790,1.36,3,0.364
EQUIP_0076,transformer,23,1,9354,3.95,11,1
EQUIP_0077,switchgear,11,6,6074,2.05,12,0.609
EQUIP_0078,insulator,8,2,983,1.38,1,0.35
EQUIP_0079,insulator,5,1,1142,0.91,1,0.301
EQUIP_0080,circuit_breaker,7,3,7490,2.69,11,0.629
EQUIP_0081,switchgear,13,4,6621,2.62,12,0.662
EQUIP_0082,circuit_breaker,11,0,7224,2.61,14,0.753
EQUIP_0083,transformer,24,9,11373,3.87,13,1
EQUIP_0084,switchgear,2,0,5781,1.93,7,0.421
EQUIP_0085,circuit_breaker,1,0,7086,2.81,11,0.487
EQUIP_0086,switchgear,17,1,7856,2.61,8,0.728
EQUIP_0087,circuit_breaker,8,3,7863,2.58,13,0.607
EQUIP_0088,switchgear,10,1,5184,2.12,8,0.554
EQUIP_0089,insulator,14,4,1027,1.18,2,0.487
EQUIP_0090,transformer,4,1,7891,2.71,15,0.662
EQUIP_0091,fuse_cutout,19,3,2170,1.11,3,0.59
EQUIP_0092,fuse_cutout,15,4,1773,1.77,2,0.439
EQUIP_0093,fuse_cutout,7,0,1457,1.47,3,0.315
EQUIP_0094,electric_pole,12,3,2702,1.7,4,0.5
EQUIP_0095,circuit_breaker,12,6,6048,3.14,12,0.739
EQUIP_0096,capacitor_bank,14,1,4072,1.71,5,0.595
EQUIP_0097,transformer,10,2,10982,3.47,11,0.766
EQUIP_0098,capacitor_bank,5,0,3276,1.39,4,0.403
EQUIP_0099,transformer,9,2,8184,2.91,17,0.766
EQUIP_0100,switchgear,8,3,6457,2.29,9,0.593
EQUIP_0101,capacitor_bank,13,1,3115,1.62,3,0.526
EQUIP_0102,insulator,1,1,833,0.75,1,0.154
EQUIP_0103,transformer,18,3,12885,3.38,19,0.922
EQUIP_0104,insulator,2,1,1195,1.37,1,0.292
EQUIP_0105,circuit_breaker,7,0,7595,2.6,12,0.571
EQUIP_0106,circuit_breaker,19,5,7919,3.35,10,0.939
EQUIP_0107,insulator,10,1,1384,1.2,1,0.498
EQUIP_0108,transformer,5,0,7630,2.75,18,0.63
EQUIP_0109,insulator,18,3,1624,1.15,1,0.567
EQUIP_0110,switchgear,8,0,4984,2.59,12,0.582
EQUIP_0111,switchgear,9,2,5033,1.94,12,0.543
EQUIP_0112,insulator,16,5,1382,1.7,2,0.616
EQUIP_0113,electric_pole,12,5,2584,1.35,7,0.467
EQUIP_0114,switchgear,14,5,6513,1.95,8,0.633
EQUIP_0115,electric_pole,10,3,2483,1.18,6,0.44
EQUIP_0116,insulator,32,10,1440,1.41,2,0.955
EQUIP_0117,electric_pole,9,1,2045,1.52,6,0.446
EQUIP_0118,electric_pole,8,1,1969,1.14,6,0.321
EQUIP_0119,circuit_breaker,6,0,7842,2.59,9,0.597
EQUIP_0120,insulator,16,3,1273,1.67,2,0.547
EQUIP_0121,transformer,18,2,11419,3.41,16,0.986
EQUIP_0122,circuit_breaker,10,1,7597,2.56,12,0.707
EQUIP_0123,transformer,12,3,11869,3,12,0.868
EQUIP_0124,fuse_cutout,16,3,1934,1.67,3,0.455
EQUIP_0125,electric_pole,19,6,3014,1.65,4,0.648
EQUIP_0126,insulator,13,2,1159,1.71,1,0.486
EQUIP_0127,capacitor_bank,7,2,3769,1.38,5,0.479
EQUIP_0128,capacitor_bank,10,1,3614,2.01,4,0.522
EQUIP_0129,fuse_cutout,8,0,1960,1.1,3,0.383
EQUIP_0130,capacitor_bank,5,0,2670,1.35,4,0.404
EQUIP_0131,circuit_breaker,13,2,7253,2.54,11,0.801
EQUIP_0132,insulator,9,1,1151,0.91,2,0.407
EQUIP_0133,electric_pole,2,0,2067,1.45,6,0.179
EQUIP_0134,fuse_cutout,7,4,1794,1.2,2,0.272
EQUIP_0135,fuse_cutout,14,2,1857,1.58,3,0.476
EQUIP_0136,fuse_cutout,16,5,2017,1.36,3,0.519
EQUIP_0137,electric_pole,4,2,2554,1.01,4,0.258
EQUIP_0138,transformer,10,3,9408,3.03,19,0.851
EQUIP_0139,insulator,5,0,1195,0.78,1,0.307
EQUIP_0140,transformer,5,1,7652,2.8,17,0.661
EQUIP_0141,capacitor_bank,12,3,3356,1.61,3,0.542
EQUIP_0142,transformer,7,2,9420,3.37,18,0.697
EQUIP_0143,fuse_cutout,16,2,1800,1.74,3,0.53
EQUIP_0144,switchgear,9,4,5806,2.5,11,0.613
EQUIP_0145,switchgear,21,3,8420,2.52,7,0.865
EQUIP_0146,electric_pole,7,1,2452,1.67,6,0.349
EQUIP_0147,circuit_breaker,11,1,8432,2.9,10,0.758
EQUIP_0148,insulator,9,2,1303,0.85,2,0.308
EQUIP_0149,switchgear,4,0,5709,2.32,8,0.312
EQUIP_0150,circuit_breaker,7,1,7644,2.35,12,0.751
EQUIP_0151,insulator,4,2,1220,1.1,1,0.374
EQUIP_0152,capacitor_bank,13,3,4136,1.61,4,0.599
EQUIP_0153,capacitor_bank,9,0,3412,2,4,0.426
EQUIP_0154,transformer,12,5,11319,3.08,14,0.77
EQUIP_0155,insulator,4,1,1179,1.31,1,0.23
EQUIP_0156,fuse_cutout,13,0,1539,1.15,2,0.459
EQUIP_0157,capacitor_bank,8,1,3462,1.33,3,0.339
EQUIP_0158,fuse_cutout,12,2,2103,1.53,3,0.395
EQUIP_0159,insulator,3,2,896,0.8,1,0.292
EQUIP_0160,fuse_cutout,5,1,1469,1.4,2,0.186
EQUIP_0161,insulator,3,0,874,1.09,2,0.228
EQUIP_0162,fuse_cutout,7,2,1454,1.3,2,0.322
EQUIP_0163,capacitor_bank,15,0,3221,1.85,6,0.591
EQUIP_0164,capacitor_bank,35,4,5625,2.2,4,0.948
EQUIP_0165,transformer,16,5,12602,3.11,13,0.872
EQUIP_0166,electric_pole,11,2,2659,1.33,7,0.433
EQUIP_0167,circuit_breaker,4,1,7491,2.26,13,0.597
EQUIP_0168,electric_pole,7,2,2055,1.63,7,0.359
EQUIP_0169,capacitor_bank,17,2,3940,2.12,5,0.564
EQUIP_0170,insulator,20,3,1501,1.23,2,0.633
EQUIP_0171,transformer,5,1,7788,2.75,14,0.726
EQUIP_0172,electric_pole,10,0,2082,1.36,5,0.477
EQUIP_0173,capacitor_bank,7,0,3314,1.31,5,0.429
EQUIP_0174,transformer,12,0,11756,3.48,14,0.856
EQUIP_0175,fuse_cutout,20,1,1901,1.14,3,0.641
EQUIP_0176,insulator,5,3,1272,0.87,1,0.257
EQUIP_0177,insulator,5,2,991,0.9,1,0.309
EQUIP_0178,transformer,17,5,11179,3.53,16,1
EQUIP_0179,insulator,14,3,1266,1.74,1,0.525
EQUIP_0180,circuit_breaker,11,2,7267,2.53,12,0.718
EQUIP_0181,insulator,27,5,1366,1.59,1,0.781
EQUIP_0182,transformer,8,4,8443,3.12,15,0.72
EQUIP_0183,electric_pole,9,3,2702,1.03,6,0.401
EQUIP_0184,electric_pole,25,3,2825,2.18,6,0.704
EQUIP_0185,transformer,14,1,8824,3.09,17,0.89
EQUIP_0186,switchgear,28,2,7982,2.57,11,0.928
EQUIP_0187,transformer,12,0,10088,3.59,16,0.812
EQUIP_0188,switchgear,3,1,5514,2.24,11,0.501
EQUIP_0189,fuse_cutout,3,2,1600,0.98,2,0.324
EQUIP_0190,switchgear,5,0,6573,2.09,11,0.581
EQUIP_0191,insulator,9,2,1130,1.08,1,0.325
EQUIP_0192,circuit_breaker,10,5,6870,2.62,12,0.711
EQUIP_0193,insulator,32,9,1420,1.87,2,0.856
EQUIP_0194,electric_pole,5,0,2107,0.96,5,0.438
EQUIP_0195,electric_pole,14,0,2811,1.59,4,0.502
EQUIP_0196,circuit_breaker,14,3,6768,3.06,11,0.673
EQUIP_0197,circuit_breaker,7,2,8197,2.32,8,0.571
EQUIP_0198,switchgear,12,0,7122,2.32,10,0.679
EQUIP_0199,insulator,20,1,1678,1.64,2,0.636
EQUIP_0200,transformer,11,1,9366,3.45,13,0.844
EQUIP_0201,electric_pole,7,2,2695,1.39,5,0.38
EQUIP_0202,circuit_breaker,9,1,8109,2.65,10,0.676
EQUIP_0203,capacitor_bank,16,0,3507,1.83,5,0.65
EQUIP_0204,capacitor_bank,5,1,2949,1.47,4,0.464
EQUIP_0205,capacitor_bank,4,1,2765,1.7,3,0.339
EQUIP_0206,fuse_cutout,14,5,2250,1.61,2,0.527
EQUIP_0207,transformer,5,2,10433,2.8,17,0.578
EQUIP_0208,switchgear,13,2,5366,2.47,12,0.681
EQUIP_0209,transformer,12,3,9752,3.07,14,0.815
EQUIP_0210,transformer,20,6,10728,3.84,12,1
EQUIP_0211,switchgear,24,4,6250,2.61,8,0.804
EQUIP_0212,capacitor_bank,6,0,3662,1.95,3,0.48
EQUIP_0213,circuit_breaker,2,0,7428,2.25,8,0.574
EQUIP_0214,circuit_breaker,24,8,9046,3.36,12,0.944
EQUIP_0215,insulator,3,0,1053,1.27,1,0.261
EQUIP_0216,fuse_cutout,14,4,2289,1.37,3,0.511
EQUIP_0217,fuse_cutout,3,0,1570,1.39,3,0.206
EQUIP_0218,circuit_breaker,12,5,7316,2.85,14,0.803
EQUIP_0219,electric_pole,9,2,1990,1.53,5,0.447
EQUIP_0220,capacitor_bank,11,0,3839,2.16,4,0.439
EQUIP_0221,switchgear,3,2,6050,2.29,8,0.448
EQUIP_0222,transformer,1,0,6557,2.91,20,0.638
EQUIP_0223,circuit_breaker,6,0,6036,2.57,14,0.62
EQUIP_0224,transformer,21,7,12071,3.32,13,0.94
EQUIP_0225,insulator,11,1,1085,1.22,2,0.323
EQUIP_0226,electric_pole,24,7,2588,1.67,7,0.653
EQUIP_0227,electric_pole,2,0,1743,1.51,4,0.325
EQUIP_0228,circuit_breaker,31,6,9184,3.45,9,1
EQUIP_0229,fuse_cutout,7,2,1821,1.37,3,0.254
EQUIP_0230,capacitor_bank,9,2,3144,1.93,5,0.434
EQUIP_0231,transformer,8,1,8421,3.3,15,0.784
EQUIP_0232,fuse_cutout,11,4,1986,1.24,3,0.433
EQUIP_0233,fuse_cutout,9,1,1527,0.92,3,0.345
EQUIP_0234,transformer,16,1,11751,3.1,18,0.751
EQUIP_0235,transformer,8,3,9297,3.37,19,0.785
EQUIP_0236,switchgear,6,2,6308,2.15,7,0.505
EQUIP_0237,capacitor_bank,10,0,3850,1.39,5,0.45
EQUIP_0238,switchgear,4,1,5088,1.77,9,0.515
EQUIP_0239,capacitor_bank,8,3,3366,1.9,3,0.412
EQUIP_0240,circuit_breaker,5,0,6726,3.01,12,0.587
EQUIP_0241,circuit_breaker,3,0,5610,2.56,10,0.607
EQUIP_0242,capacitor_bank,6,0,3266,1.81,4,0.437
EQUIP_0243,switchgear,2,0,5566,2.22,10,0.384
EQUIP_0244,electric_pole,2,1,2306,1.35,5,0.231
EQUIP_0245,insulator,9,3,1032,1.36,2,0.337
EQUIP_0246,switchgear,8,3,5908,2.34,11,0.575
EQUIP_0247,insulator,10,1,1078,0.9,1,0.434
EQUIP_0248,switchgear,26,6,9082,2.48,11,0.863
EQUIP_0249,transformer,8,3,9110,3.3,13,0.73
EQUIP_0250,electric_pole,19,5,2726,1.3,4,0.596
EQUIP_0251,transformer,4,0,7466,2.76,12,0.72
EQUIP_0252,insulator,8,3,1272,0.86,2,0.348
EQUIP_0253,insulator,14,4,1225,1.39,2,0.498
EQUIP_0254,circuit_breaker,10,0,6612,2.72,11,0.596
EQUIP_0255,capacitor_bank,21,6,4656,2.33,3,0.776
EQUIP_0256,circuit_breaker,28,6,9093,3.23,13,1
EQUIP_0257,fuse_cutout,4,1,1908,1.26,2,0.275
EQUIP_0258,circuit_breaker,13,7,6719,3,14,0.739
EQUIP_0259,capacitor_bank,7,2,3818,1.64,4,0.4
EQUIP_0260,capacitor_bank,16,6,4660,1.53,4,0.616
EQUIP_0261,switchgear,7,2,6175,1.78,8,0.53
EQUIP_0262,electric_pole,22,5,2542,1.92,5,0.651
EQUIP_0263,electric_pole,11,5,2104,1.45,6,0.418
EQUIP_0264,switchgear,4,2,5582,1.81,9,0.494
EQUIP_0265,fuse_cutout,14,3,1742,1.1,3,0.503
EQUIP_0266,capacitor_bank,2,2,3429,1.27,4,0.366
EQUIP_0267,insulator,7,1,1321,1.49,1,0.357
EQUIP_0268,switchgear,5,0,6514,2.44,12,0.441
EQUIP_0269,capacitor_bank,1,0,3383,1.62,5,0.374
EQUIP_0270,insulator,15,3,1350,1.72,2,0.518
EQUIP_0271,switchgear,1,0,5997,2.03,12,0.274
EQUIP_0272,insulator,13,2,1359,1.44,1,0.48
EQUIP_0273,electric_pole,8,0,2492,1.02,4,0.512
EQUIP_0274,fuse_cutout,11,2,1883,1.1,3,0.508
EQUIP_0275,switchgear,20,7,7664,2.33,11,0.777
EQUIP_0276,switchgear,9,3,5540,2.17,9,0.616
EQUIP_0277,insulator,15,2,1092,1.11,1,0.491
EQUIP_0278,switchgear,9,0,6670,2.12,9,0.623
EQUIP_0279,capacitor_bank,18,3,4014,1.8,5,0.795
EQUIP_0280,circuit_breaker,10,3,5889,2.45,12,0.701
EQUIP_0281,insulator,14,3,1414,1.05,1,0.575
EQUIP_0282,circuit_breaker,18,2,9317,2.68,14,0.856
EQUIP_0283,switchgear,15,3,7274,2.27,7,0.759
EQUIP_0284,fuse_cutout,11,4,1739,1.06,2,0.337
EQUIP_0285,transformer,7,0,8359,2.94,13,0.737
EQUIP_0286,transformer,12,4,9823,3.44,18,0.916
EQUIP_0287,fuse_cutout,3,1,1670,0.9,3,0.292
EQUIP_0288,transformer,9,2,9858,2.98,11,0.77
EQUIP_0289,fuse_cutout,14,3,1550,1.61,3,0.444
EQUIP_0290,switchgear,21,4,7439,2.6,10,0.77
EQUIP_0291,capacitor_bank,7,4,3201,1.34,4,0.399
EQUIP_0292,transformer,4,0,7231,2.83,16,0.622
EQUIP_0293,fuse_cutout,8,3,1794,1.52,3,0.313
EQUIP_0294,circuit_breaker,15,1,7612,3.06,15,0.765
EQUIP_0295,insulator,19,4,1343,1.21,1,0.626
EQUIP_0296,electric_pole,9,3,2196,1.03,7,0.43
EQUIP_0297,insulator,8,0,1199,0.98,2,0.395
EQUIP_0298,switchgear,21,7,6666,2.17,7,0.824
EQUIP_0299,electric_pole,9,1,2733,1.66,4,0.38
EQUIP_0300,transformer,6,2,8533,3.4,19,0.68
EQUIP_0301,insulator,1,1,917,1.15,2,0.182
EQUIP_0302,electric_pole,18,4,2561,1.69,5,0.62
EQUIP_0303,insulator,8,1,1028,1.03,2,0.342
EQUIP_0304,electric_pole,18,3,3086,1.29,5,0.524
EQUIP_0305,switchgear,5,1,6365,2.25,7,0.496
EQUIP_0306,circuit_breaker,9,1,7214,2.54,14,0.697
EQUIP_0307,fuse_cutout,9,4,1970,1.04,3,0.401
EQUIP_0308,switchgear,1,0,5889,1.96,9,0.429
EQUIP_0309,fuse_cutout,6,2,1501,0.77,3,0.309
EQUIP_0310,insulator,6,0,1311,0.92,1,0.285
EQUIP_0311,fuse_cutout,26,6,1870,1.59,3,0.795
EQUIP_0312,transformer,10,0,8422,2.89,17,0.75
EQUIP_0313,capacitor_bank,5,0,3160,1.65,3,0.367
EQUIP_0314,circuit_breaker,9,2,6019,2.46,14,0.591
EQUIP_0315,circuit_breaker,22,4,9235,3.31,13,0.979
EQUIP_0316,electric_pole,7,1,2229,1.38,4,0.357
EQUIP_0317,switchgear,5,1,5340,1.99,10,0.536
EQUIP_0318,capacitor_bank,11,0,3811,1.79,4,0.477
EQUIP_0319,transformer,12,0,9078,2.97,20,0.874
EQUIP_0320,transformer,13,2,8245,3.51,14,0.895
EQUIP_0321,circuit_breaker,1,0,6870,2.8,11,0.554
EQUIP_0322,electric_pole,13,0,2913,1.59,6,0.437
EQUIP_0323,insulator,1,0,1107,0.86,2,0.25
EQUIP_0324,transformer,10,2,11229,3.11,12,0.855
EQUIP_0325,fuse_cutout,23,3,2321,1.26,2,0.704
EQUIP_0326,fuse_cutout,20,9,2007,1.48,2,0.609
EQUIP_0327,switchgear,6,1,5547,2,9,0.534
EQUIP_0328,switchgear,13,3,7546,2,11,0.72
EQUIP_0329,insulator,27,4,1565,1.34,1,0.75
EQUIP_0330,fuse_cutout,5,1,1583,1.2,3,0.292
EQUIP_0331,electric_pole,17,4,3120,1.24,5,0.529
EQUIP_0332,capacitor_bank,17,4,3771,2.18,4,0.665
EQUIP_0333,transformer,3,0,7987,3,12,0.649
EQUIP_0334,circuit_breaker,20,4,7326,2.81,12,1
EQUIP_0335,circuit_breaker,3,0,6956,2.34,8,0.668
EQUIP_0336,transformer,19,4,12712,3.52,19,0.954
EQUIP_0337,fuse_cutout,5,2,1634,1.23,3,0.265
EQUIP_0338,fuse_cutout,20,4,2431,1.22,3,0.519
EQUIP_0339,capacitor_bank,7,1,3556,2,4,0.425
EQUIP_0340,switchgear,6,1,4968,2.5,9,0.507
EQUIP_0341,fuse_cutout,27,3,2553,1.69,2,0.765
EQUIP_0342,fuse_cutout,26,8,2256,1.26,2,0.773
EQUIP_0343,switchgear,13,0,5506,2.36,10,0.636
EQUIP_0344,transformer,12,0,10676,3.48,11,0.896
EQUIP_0345,capacitor_bank,27,5,4315,1.92,3,0.846
EQUIP_0346,fuse_cutout,15,5,1778,1.25,3,0.489
EQUIP_0347,switchgear,23,4,6408,2.82,8,0.821
EQUIP_0348,electric_pole,22,5,2760,1.46,4,0.701
EQUIP_0349,fuse_cutout,1,0,1409,1.21,3,0.253
EQUIP_0350,circuit_breaker,11,2,5929,2.66,14,0.658
EQUIP_0351,electric_pole,3,0,2131,0.98,5,0.329
EQUIP_0352,electric_pole,17,3,2770,1.98,4,0.586
EQUIP_0353,switchgear,3,1,5288,1.77,10,0.511
EQUIP_0354,fuse_cutout,2,0,1415,0.81,2,0.25
EQUIP_0355,circuit_breaker,28,6,8837,3.28,11,1
EQUIP_0356,circuit_breaker,15,7,6960,3.19,10,0.85
EQUIP_0357,switchgear,13,0,6330,2.47,12,0.721
EQUIP_0358,insulator,9,3,1261,1.41,2,0.345
EQUIP_0359,circuit_breaker,3,0,6706,2.49,8,0.601
EQUIP_0360,transformer,9,2,8832,2.87,15,0.793
EQUIP_0361,switchgear,9,4,6349,2.58,11,0.58
EQUIP_0362,switchgear,1,1,6022,1.89,10,0.384
EQUIP_0363,capacitor_bank,19,3,4369,1.82,6,0.707
EQUIP_0364,transformer,16,4,11991,3.54,17,1
EQUIP_0365,fuse_cutout,10,1,1491,1.13,3,0.438
EQUIP_0366,capacitor_bank,3,0,2557,1.61,6,0.324
EQUIP_0367,capacitor_bank,20,1,3564,1.93,3,0.67
EQUIP_0368,insulator,1,0,895,1.28,2,0.307
EQUIP_0369,transformer,10,3,8676,2.85,14,0.76
EQUIP_0370,circuit_breaker,23,1,9544,3.42,11,0.994
EQUIP_0371,electric_pole,1,0,1722,0.85,7,0.323
EQUIP_0372,insulator,5,2,1115,0.76,2,0.328
EQUIP_0373,circuit_breaker,20,3,8075,2.79,14,0.95
EQUIP_0374,capacitor_bank,12,0,3309,1.69,4,0.548
EQUIP_0375,switchgear,7,1,5238,2.01,8,0.563
EQUIP_0376,capacitor_bank,10,1,4125,1.44,4,0.44
EQUIP_0377,transformer,15,0,10449,3.59,20,0.892
EQUIP_0378,fuse_cutout,13,2,2139,1.45,2,0.539
EQUIP_0379,transformer,17,1,9750,3.79,20,0.921
EQUIP_0380,insulator,8,3,1149,1.41,2,0.327
EQUIP_0381,insulator,15,3,1350,1.63,1,0.486
EQUIP_0382,fuse_cutout,6,2,1473,1.13,2,0.325
EQUIP_0383,fuse_cutout,23,3,2090,1.24,2,0.633
EQUIP_0384,insulator,15,1,1336,1.44,2,0.471
EQUIP_0385,insulator,16,1,1539,1.26,1,0.483
EQUIP_0386,circuit_breaker,11,2,8411,2.44,11,0.808
EQUIP_0387,circuit_breaker,12,5,7242,3.08,11,0.81
EQUIP_0388,insulator,16,4,1405,1.18,1,0.518
EQUIP_0389,capacitor_bank,20,8,4110,1.7,4,0.748
EQUIP_0390,electric_pole,7,1,2678,1.39,5,0.376
EQUIP_0391,electric_pole,11,3,2800,1.15,6,0.444
EQUIP_0392,switchgear,11,1,4981,2.13,10,0.712
EQUIP_0393,circuit_breaker,3,1,5746,2.22,13,0.542
EQUIP_0394,switchgear,4,1,4582,2.28,8,0.531
EQUIP_0395,insulator,11,2,1072,1.52,1,0.414
EQUIP_0396,capacitor_bank,4,0,3749,1.51,4,0.411
EQUIP_0397,circuit_breaker,4,0,7704,2.61,12,0.598
EQUIP_0398,capacitor_bank,10,2,3247,2.01,4,0.499
EQUIP_0399,fuse_cutout,8,1,1704,1.26,3,0.349
EQUIP_0400,capacitor_bank,25,9,3962,1.94,4,0.791
EQUIP_0401,transformer,5,0,8248,3.41,16,0.738
EQUIP_0402,circuit_breaker,11,2,7009,3.06,10,0.697
EQUIP_0403,insulator,12,1,1442,1.51,2,0.48
EQUIP_0404,fuse_cutout,4,3,1459,1.05,3,0.3
EQUIP_0405,circuit_breaker,8,0,7066,3.03,11,0.649
EQUIP_0406,switchgear,2,0,5617,2.26,12,0.47
EQUIP_0407,capacitor_bank,12,2,3480,1.72,4,0.512
EQUIP_0408,insulator,17,3,1398,1.38,2,0.528
EQUIP_0409,fuse_cutout,1,0,1431,1.26,2,0.273
EQUIP_0410,switchgear,26,4,7605,2.98,11,0.987
EQUIP_0411,fuse_cutout,13,5,1534,1.51,3,0.476
EQUIP_0412,circuit_breaker,7,1,6756,2.96,10,0.625
EQUIP_0413,electric_pole,6,1,1839,1.31,5,0.338
EQUIP_0414,switchgear,14,0,5175,2.57,7,0.797
EQUIP_0415,capacitor_bank,5,1,3685,2.01,4,0.313
EQUIP_0416,fuse_cutout,25,5,2054,1.45,2,0.66
EQUIP_0417,switchgear,13,2,6836,2.24,8,0.651
EQUIP_0418,transformer,8,4,9421,3.23,15,0.76
EQUIP_0419,insulator,10,4,1144,1.13,1,0.421
EQUIP_0420,fuse_cutout,10,2,1980,1.04,2,0.376
EQUIP_0421,capacitor_bank,7,0,3514,1.97,5,0.464
EQUIP_0422,capacitor_bank,2,0,3392,1.25,5,0.38
EQUIP_0423,capacitor_bank,8,1,3809,1.34,3,0.381
EQUIP_0424,transformer,3,1,9427,3.09,17,0.668
EQUIP_0425,transformer,20,2,11630,3.69,13,0.993
EQUIP_0426,switchgear,21,4,7711,2.34,11,0.838
EQUIP_0427,circuit_breaker,11,3,7954,2.66,10,0.677
EQUIP_0428,capacitor_bank,6,0,3630,1.26,4,0.368
EQUIP_0429,electric_pole,12,5,2087,1.56,6,0.367
EQUIP_0430,capacitor_bank,5,2,3473,1.64,3,0.312
EQUIP_0431,switchgear,9,1,5793,1.96,8,0.588
EQUIP_0432,capacitor_bank,12,5,3027,1.91,3,0.453
EQUIP_0433,circuit_breaker,8,2,6311,3.03,11,0.65
EQUIP_0434,fuse_cutout,9,0,1598,0.93,2,0.409
EQUIP_0435,circuit_breaker,8,2,6783,2.67,14,0.508
EQUIP_0436,insulator,13,1,1422,1.44,2,0.478
EQUIP_0437,fuse_cutout,4,0,1337,1.17,3,0.355
EQUIP_0438,transformer,14,2,12175,3.24,15,0.948
EQUIP_0439,insulator,5,1,885,0.84,2,0.293
EQUIP_0440,insulator,6,1,1084,1.42,2,0.336
EQUIP_0441,capacitor_bank,3,0,2660,1.78,5,0.419
EQUIP_0442,electric_pole,9,1,1934,1.48,7,0.362
EQUIP_0443,fuse_cutout,8,4,1874,1.04,3,0.325
EQUIP_0444,circuit_breaker,6,2,7385,2.93,10,0.682
EQUIP_0445,transformer,11,3,10233,2.91,15,0.853
EQUIP_0446,switchgear,5,1,5385,2.05,12,0.456
EQUIP_0447,circuit_breaker,2,1,6523,2.33,12,0.491
EQUIP_0448,insulator,16,1,1279,1.64,1,0.473
EQUIP_0449,capacitor_bank,22,2,3671,1.94,4,0.727
EQUIP_0450,electric_pole,3,3,2373,0.96,7,0.256
EQUIP_0451,insulator,5,0,1132,0.8,1,0.332
EQUIP_0452,electric_pole,3,1,2306,0.9,5,0.288
EQUIP_0453,circuit_breaker,5,2,5401,2.69,14,0.687
EQUIP_0454,electric_pole,3,2,1949,0.96,5,0.301
EQUIP_0455,switchgear,9,2,6858,1.94,7,0.643
EQUIP_0456,fuse_cutout,11,2,1728,1.38,2,0.419
EQUIP_0457,capacitor_bank,1,1,2925,1.84,5,0.271
EQUIP_0458,circuit_breaker,19,4,9484,2.9,13,0.847
EQUIP_0459,switchgear,1,0,5544,1.98,11,0.454
EQUIP_0460,circuit_breaker,9,3,7196,2.37,13,0.581
EQUIP_0461,insulator,21,5,1275,1.86,1,0.622
EQUIP_0462,switchgear,14,3,5250,2.32,12,0.727
EQUIP_0463,circuit_breaker,3,2,6578,2.26,15,0.584
EQUIP_0464,switchgear,4,0,4536,2.11,7,0.479
EQUIP_0465,switchgear,11,1,5384,2.62,9,0.636
EQUIP_0466,switchgear,7,2,5979,2.02,9,0.554
EQUIP_0467,fuse_cutout,9,0,1892,1.38,2,0.41
EQUIP_0468,circuit_breaker,6,1,5778,2.68,12,0.638
EQUIP_0469,capacitor_bank,12,2,3049,1.88,4,0.583
EQUIP_0470,electric_pole,8,0,2457,1.14,7,0.401
EQUIP_0471,electric_pole,5,1,1787,1.02,6,0.371
EQUIP_0472,circuit_breaker,15,0,9244,3.21,13,0.839
EQUIP_0473,fuse_cutout,5,3,1500,0.98,3,0.277
EQUIP_0474,electric_pole,18,4,3194,1.66,7,0.549
EQUIP_0475,capacitor_bank,20,2,4291,2.07,6,0.72
EQUIP_0476,capacitor_bank,22,3,4252,1.9,3,0.731
EQUIP_0477,switchgear,15,3,6390,2.58,8,0.771
EQUIP_0478,transformer,12,3,8685,3.13,13,0.959
EQUIP_0479,capacitor_bank,5,1,3858,1.66,4,0.45
EQUIP_0480,electric_pole,25,7,2640,2.13,4,0.747
EQUIP_0481,electric_pole,15,2,2990,1.8,4,0.409
EQUIP_0482,switchgear,18,6,7951,2.06,11,0.689
EQUIP_0483,switchgear,11,3,5362,2.13,10,0.628
EQUIP_0484,transformer,5,0,8307,2.8,13,0.703
EQUIP_0485,circuit_breaker,21,3,9449,3.27,9,0.836
EQUIP_0486,fuse_cutout,8,2,1424,0.94,3,0.35
EQUIP_0487,transformer,6,2,9500,3.44,19,0.763
EQUIP_0488,insulator,8,1,1015,0.81,1,0.408
EQUIP_0489,fuse_cutout,11,3,1552,1.56,2,0.408
EQUIP_0490,transformer,16,8,11075,3.49,19,0.989
EQUIP_0491,switchgear,16,2,6079,2.6,12,0.615
EQUIP_0492,fuse_cutout,17,2,2237,1.38,2,0.512
EQUIP_0493,capacitor_bank,13,3,3318,1.87,4,0.576
EQUIP_0494,insulator,12,1,1087,1.66,1,0.407
EQUIP_0495,transformer,16,1,10198,3.61,19,0.884
EQUIP_0496,electric_pole,21,2,3385,1.8,6,0.66
EQUIP_0497,switchgear,19,2,6183,2.45,9,0.882
EQUIP_0498,electric_pole,9,2,2460,1.57,6,0.451
EQUIP_0499,insulator,19,1,1357,1.58,2,0.625
EQUIP_0500,insulator,17,3,1372,1.7,1,0.534
EQUIP_0501,switchgear,13,1,6082,2.16,11,0.665
EQUIP_0502,fuse_cutout,18,6,1679,1.26,2,0.521
EQUIP_0503,circuit_breaker,20,3,9926,3.3,13,0.942
EQUIP_0504,capacitor_bank,12,1,3796,2.07,6,0.449
EQUIP_0505,capacitor_bank,6,5,3631,1.93,4,0.407
EQUIP_0506,capacitor_bank,14,3,3883,1.55,5,0.697
EQUIP_0507,switchgear,9,1,5373,1.88,11,0.553
EQUIP_0508,fuse_cutout,12,2,1840,0.91,2,0.469
EQUIP_0509,transformer,12,1,8296,3.58,17,0.829
EQUIP_0510,fuse_cutout,9,1,2122,0.84,3,0.432
EQUIP_0511,circuit_breaker,9,3,7687,2.82,15,0.642
EQUIP_0512,transformer,5,0,8596,2.99,16,0.695
EQUIP_0513,circuit_breaker,9,2,7385,2.65,13,0.592
EQUIP_0514,electric_pole,23,2,2427,2.08,4,0.723
EQUIP_0515,electric_pole,11,4,2653,1.3,5,0.5
EQUIP_0516,transformer,2,1,7047,2.85,20,0.69
EQUIP_0517,transformer,18,4,11338,3.1,17,1
EQUIP_0518,transformer,7,1,9268,3.43,12,0.741
EQUIP_0519,electric_pole,11,4,2397,1.56,5,0.545
EQUIP_0520,fuse_cutout,3,0,1843,1.39,3,0.259
EQUIP_0521,circuit_breaker,4,0,6701,2.62,9,0.586
EQUIP_0522,transformer,18,4,9271,3.33,18,0.923
EQUIP_0523,insulator,16,1,1518,1.6,1,0.662
EQUIP_0524,capacitor_bank,17,6,3787,2.17,4,0.536
EQUIP_0525,capacitor_bank,13,1,3367,1.7,4,0.488
EQUIP_0526,circuit_breaker,11,1,8117,2.44,14,0.712
EQUIP_0527,insulator,12,3,997,1.23,1,0.502
EQUIP_0528,insulator,12,2,1484,1.23,1,0.451
EQUIP_0529,capacitor_bank,22,4,4489,2.13,3,0.742
EQUIP_0530,circuit_breaker,11,1,7718,2.51,11,0.705
EQUIP_0531,capacitor_bank,4,0,3216,1.6,4,0.411
EQUIP_0532,transformer,12,1,8358,3.45,13,0.895
EQUIP_0533,electric_pole,9,0,1992,1.2,5,0.488
EQUIP_0534,fuse_cutout,7,0,1405,1.31,3,0.403
EQUIP_0535,circuit_breaker,10,5,8095,2.51,9,0.655
EQUIP_0536,circuit_breaker,16,2,6840,3.27,14,0.821
EQUIP_0537,transformer,12,3,11328,3.25,14,0.884
EQUIP_0538,capacitor_bank,27,4,4679,2.02,4,0.88
EQUIP_0539,circuit_breaker,7,1,6371,2.5,11,0.637
EQUIP_0540,circuit_breaker,4,1,7599,2.37,10,0.612
EQUIP_0541,switchgear,16,1,6124,2.34,8,0.6
EQUIP_0542,switchgear,9,1,6610,2.13,12,0.59
EQUIP_0543,capacitor_bank,11,2,3235,1.83,5,0.509
EQUIP_0544,insulator,2,1,1044,0.78,1,0.209
EQUIP_0545,electric_pole,19,3,3050,1.38,5,0.619
EQUIP_0546,switchgear,13,3,5985,2.33,8,0.649
EQUIP_0547,fuse_cutout,11,2,1766,1.31,2,0.36
EQUIP_0548,fuse_cutout,5,1,1552,0.99,2,0.275
EQUIP_0549,insulator,21,6,1242,1.79,2,0.581
EQUIP_0550,transformer,4,1,6965,2.83,17,0.718
EQUIP_0551,circuit_breaker,4,0,7735,2.51,9,0.645
EQUIP_0552,transformer,22,6,12192,3.27,20,1
EQUIP_0553,transformer,6,1,8145,3.12,19,0.665
EQUIP_0554,circuit_breaker,14,3,7990,2.48,11,0.763
EQUIP_0555,transformer,6,3,8091,3.08,15,0.691
EQUIP_0556,circuit_breaker,11,0,8559,2.93,9,0.776
EQUIP_0557,capacitor_bank,4,0,3885,2,4,0.424
EQUIP_0558,fuse_cutout,14,3,2233,1.59,2,0.513
EQUIP_0559,fuse_cutout,14,2,1903,1.09,3,0.478
EQUIP_0560,circuit_breaker,24,6,9855,2.91,15,1
EQUIP_0561,capacitor_bank,16,3,3973,1.75,5,0.596
EQUIP_0562,transformer,17,2,12262,3.39,13,0.935
EQUIP_0563,electric_pole,3,2,2033,1.13,7,0.356
EQUIP_0564,insulator,11,3,1249,1.26,2,0.443
EQUIP_0565,fuse_cutout,8,3,2028,1.03,2,0.284
EQUIP_0566,fuse_cutout,4,0,1469,1.11,2,0.339
EQUIP_0567,transformer,22,7,11803,3.21,18,1
EQUIP_0568,circuit_breaker,1,1,5958,2.78,14,0.524
EQUIP_0569,switchgear,4,0,5016,2.05,11,0.446
EQUIP_0570,capacitor_bank,7,0,3721,1.63,4,0.468
EQUIP_0571,insulator,5,1,1274,0.83,1,0.308
EQUIP_0572,fuse_cutout,7,6,1601,1.54,3,0.347
EQUIP_0573,transformer,4,1,9121,2.8,15,0.709
EQUIP_0574,electric_pole,6,1,2187,1.57,5,0.311
EQUIP_0575,electric_pole,12,2,2681,1.15,4,0.515
EQUIP_0576,switchgear,3,0,4411,2.47,11,0.566
EQUIP_0577,electric_pole,22,5,2846,1.92,7,0.666
EQUIP_0578,electric_pole,13,2,2676,1.44,4,0.527
EQUIP_0579,capacitor_bank,11,2,3546,1.61,4,0.499
EQUIP_0580,insulator,5,3,921,1.51,1,0.258
EQUIP_0581,fuse_cutout,9,1,1531,1.54,3,0.414
EQUIP_0582,capacitor_bank,19,2,4030,1.86,5,0.811
EQUIP_0583,switchgear,30,5,7901,2.64,7,1
EQUIP_0584,fuse_cutout,7,0,1981,0.94,2,0.331
EQUIP_0585,transformer,5,3,9974,2.88,19,0.798
EQUIP_0586,switchgear,13,3,5981,2.23,12,0.636
EQUIP_0587,fuse_cutout,10,1,1859,1.41,3,0.407
EQUIP_0588,insulator,6,1,1200,1.09,2,0.301
EQUIP_0589,switchgear,10,1,6008,2.54,12,0.609
EQUIP_0590,insulator,1,0,949,1.11,2,0.167
EQUIP_0591,electric_pole,17,5,2917,1.75,7,0.532
EQUIP_0592,transformer,17,5,10311,3.34,13,0.93
EQUIP_0593,circuit_breaker,4,1,7625,2.68,9,0.581
EQUIP_0594,transformer,31,9,14622,3.41,14,1
EQUIP_0595,electric_pole,15,4,2465,1.75,6,0.535
EQUIP_0596,insulator,20,4,1674,1.27,1,0.687
EQUIP_0597,transformer,3,0,9885,3.35,19,0.681
EQUIP_0598,transformer,16,3,11592,3.78,15,0.893
EQUIP_0599,insulator,13,1,1212,1.02,2,0.462
EQUIP_0600,capacitor_bank,8,1,2817,1.66,4,0.466
EQUIP_0601,circuit_breaker,5,0,6556,2.77,14,0.665
EQUIP_0602,transformer,9,1,9898,3.45,16,0.841
EQUIP_0603,transformer,9,2,8768,3.6,20,0.817
EQUIP_0604,transformer,10,1,10629,3.45,14,0.836
EQUIP_0605,capacitor_bank,8,2,3426,1.98,6,0.505
EQUIP_0606,insulator,8,0,1185,1.41,2,0.427
EQUIP_0607,fuse_cutout,11,1,1569,1.43,2,0.395
EQUIP_0608,electric_pole,12,2,1984,1.75,4,0.436
EQUIP_0609,capacitor_bank,6,0,3594,1.36,5,0.39
EQUIP_0610,insulator,14,1,1150,1.55,1,0.503
EQUIP_0611,insulator,10,7,1122,1.23,2,0.423
EQUIP_0612,switchgear,6,1,4549,2.45,7,0.491
EQUIP_0613,fuse_cutout,6,1,1832,0.75,3,0.43
EQUIP_0614,fuse_cutout,4,1,1502,1,3,0.282
EQUIP_0615,switchgear,2,0,4687,2.4,12,0.394
EQUIP_0616,switchgear,12,3,6043,2.21,9,0.65
EQUIP_0617,capacitor_bank,9,3,3454,1.38,4,0.419
EQUIP_0618,fuse_cutout,6,1,1777,0.95,3,0.264
EQUIP_0619,circuit_breaker,12,0,6541,2.41,12,0.721
EQUIP_0620,capacitor_bank,5,0,3431,1.85,5,0.451
EQUIP_0621,fuse_cutout,4,0,1331,1.07,3,0.359
EQUIP_0622,electric_pole,3,1,2180,1.54,5,0.31
EQUIP_0623,switchgear,8,2,5264,2.44,7,0.654
EQUIP_0624,switchgear,7,3,6109,2.26,11,0.474
EQUIP_0625,insulator,1,0,1199,0.83,2,0.266
EQUIP_0626,switchgear,5,0,6550,1.75,9,0.484
EQUIP_0627,insulator,15,3,1364,1.56,2,0.48
EQUIP_0628,insulator,6,5,1237,1.22,1,0.364
EQUIP_0629,switchgear,26,6,7413,2.88,11,0.923
EQUIP_0630,switchgear,23,7,7987,2.42,9,0.828
EQUIP_0631,electric_pole,9,2,2527,1.64,5,0.421
EQUIP_0632,fuse_cutout,21,4,1713,1.75,3,0.628
EQUIP_0633,switchgear,6,0,6395,2.03,12,0.508
EQUIP_0634,transformer,15,5,8789,3.54,19,0.96
EQUIP_0635,switchgear,15,3,7710,1.99,9,0.621
EQUIP_0636,transformer,6,1,8355,2.98,16,0.732
EQUIP_0637,circuit_breaker,24,5,10244,3.39,11,0.959
EQUIP_0638,capacitor_bank,4,0,3561,1.29,4,0.41
EQUIP_0639,transformer,13,4,11990,3.46,15,0.923
EQUIP_0640,switchgear,3,2,6328,1.7,9,0.445
EQUIP_0641,transformer,5,1,9438,2.78,15,0.665
EQUIP_0642,transformer,3,0,6906,3.12,18,0.643
EQUIP_0643,switchgear,6,0,6592,2.39,8,0.438
EQUIP_0644,circuit_breaker,8,2,5622,2.94,9,0.604
EQUIP_0645,switchgear,20,2,5619,2.22,7,0.845
EQUIP_0646,insulator,3,0,905,1.23,1,0.226
EQUIP_0647,insulator,5,2,1172,0.93,1,0.306
EQUIP_0648,fuse_cutout,17,4,2161,1.81,3,0.515
EQUIP_0649,fuse_cutout,15,3,2181,1.45,2,0.538
EQUIP_0650,insulator,13,2,1215,1.19,2,0.482
EQUIP_0651,fuse_cutout,2,0,1402,1.45,2,0.269
EQUIP_0652,transformer,10,2,10816,2.86,17,0.865
EQUIP_0653,fuse_cutout,2,1,1350,0.68,2,0.308
EQUIP_0654,insulator,25,1,1506,2,2,0.729
EQUIP_0655,switchgear,17,3,6931,2.64,12,0.773
EQUIP_0656,fuse_cutout,9,4,1537,0.87,2,0.353
EQUIP_0657,transformer,5,2,9806,3.09,20,0.756
EQUIP_0658,switchgear,25,1,6037,2.93,7,0.931
EQUIP_0659,circuit_breaker,12,1,7531,2.44,9,0.798
EQUIP_0660,transformer,15,2,10300,3.53,17,0.804
EQUIP_0661,circuit_breaker,22,5,10283,2.92,12,0.867
EQUIP_0662,switchgear,1,0,4726,2.3,12,0.472
EQUIP_0663,capacitor_bank,7,2,3354,1.38,3,0.359
EQUIP_0664,electric_pole,6,1,2605,1.29,7,0.406
EQUIP_0665,insulator,5,0,1259,1.49,1,0.283
EQUIP_0666,switchgear,22,3,7452,2.36,12,0.786
EQUIP_0667,circuit_breaker,5,1,6977,2.53,15,0.566
EQUIP_0668,insulator,18,3,1207,1.28,1,0.565
EQUIP_0669,insulator,6,1,945,1.09,1,0.326
EQUIP_0670,switchgear,8,0,6519,1.91,9,0.497
EQUIP_0671,transformer,6,3,8458,3.52,20,0.773
EQUIP_0672,switchgear,14,5,6206,2.08,9,0.659
EQUIP_0673,transformer,6,0,8565,3.08,16,0.65
EQUIP_0674,circuit_breaker,6,3,7147,2.57,12,0.595
EQUIP_0675,electric_pole,20,4,2983,1.64,7,0.631
EQUIP_0676,transformer,7,2,8730,3.09,13,0.773
EQUIP_0677,insulator,5,0,949,0.98,1,0.236
EQUIP_0678,fuse_cutout,5,1,1879,0.73,2,0.312
EQUIP_0679,switchgear,13,0,6292,2.53,11,0.63
EQUIP_0680,electric_pole,24,3,3044,2.12,5,0.831
EQUIP_0681,insulator,11,0,1270,1.1,2,0.353
EQUIP_0682,fuse_cutout,13,7,1798,1.26,3,0.45
EQUIP_0683,insulator,1,1,861,0.98,1,0.209
EQUIP_0684,circuit_breaker,26,5,10253,3.51,9,0.946
EQUIP_0685,electric_pole,7,1,2187,1.7,7,0.46
EQUIP_0686,switchgear,5,1,4980,1.73,10,0.494
EQUIP_0687,transformer,7,1,9585,3.4,17,0.759
EQUIP_0688,fuse_cutout,9,4,1438,1.03,3,0.319
EQUIP_0689,electric_pole,21,5,2472,1.92,5,0.55
EQUIP_0690,fuse_cutout,8,1,1588,0.99,3,0.353
EQUIP_0691,electric_pole,4,0,2254,1.06,5,0.299
EQUIP_0692,fuse_cutout,15,4,1659,1.29,2,0.5
EQUIP_0693,insulator,6,1,945,0.97,2,0.375
EQUIP_0694,electric_pole,5,1,1837,1.46,7,0.435
EQUIP_0695,transformer,23,2,10081,3.79,15,1
EQUIP_0696,capacitor_bank,9,0,3006,1.49,4,0.538
EQUIP_0697,switchgear,12,3,6515,2.14,12,0.603
EQUIP_0698,switchgear,8,0,6160,1.81,11,0.566
EQUIP_0699,insulator,12,0,1276,1.58,1,0.452
EQUIP_0700,circuit_breaker,13,1,8830,2.78,15,0.769
EQUIP_0701,insulator,14,3,1379,1.28,2,0.414
EQUIP_0702,switchgear,19,4,7776,2.82,12,0.771
EQUIP_0703,transformer,19,2,10035,3.74,20,0.966
EQUIP_0704,transformer,20,1,10588,3.53,19,1
EQUIP_0705,insulator,8,2,966,1.19,2,0.349
EQUIP_0706,switchgear,17,2,6947,2.7,9,0.746
EQUIP_0707,switchgear,4,1,4510,2.41,9,0.461
EQUIP_0708,electric_pole,1,0,2305,1.61,6,0.231
EQUIP_0709,transformer,18,6,10964,3.41,11,1
EQUIP_0710,insulator,16,4,1422,1.52,2,0.455
EQUIP_0711,electric_pole,19,6,2917,1.82,6,0.581
EQUIP_0712,insulator,6,1,1030,1.21,1,0.33
EQUIP_0713,fuse_cutout,24,6,2249,1.28,3,0.75
EQUIP_0714,capacitor_bank,20,4,4781,2.19,4,0.654
EQUIP_0715,capacitor_bank,16,5,3666,1.96,6,0.6
EQUIP_0716,capacitor_bank,11,2,4135,1.6,6,0.526
EQUIP_0717,switchgear,4,2,5880,1.86,9,0.378
EQUIP_0718,transformer,6,1,8525,2.78,12,0.79
EQUIP_0719,circuit_breaker,6,0,7893,2.55,12,0.588
EQUIP_0720,circuit_breaker,14,2,8307,3.09,10,0.77
EQUIP_0721,transformer,9,1,9053,3.17,19,0.811
EQUIP_0722,circuit_breaker,19,6,7281,3.34,12,0.964
EQUIP_0723,capacitor_bank,3,0,3235,1.57,3,0.296
EQUIP_0724,switchgear,13,1,7391,2.19,8,0.608
EQUIP_0725,switchgear,11,1,6967,1.9,7,0.577
EQUIP_0726,circuit_breaker,8,2,6433,3.09,14,0.639
EQUIP_0727,electric_pole,11,5,2416,1.82,4,0.559
EQUIP_0728,switchgear,9,0,6210,2.3,8,0.502
EQUIP_0729,switchgear,8,3,6349,2.18,7,0.556
EQUIP_0730,circuit_breaker,13,1,6092,3.1,12,0.708
EQUIP_0731,electric_pole,15,2,2738,1.37,5,0.504
EQUIP_0732,electric_pole,13,1,2787,1.75,6,0.463
EQUIP_0733,insulator,10,3,1099,1.28,1,0.392
EQUIP_0734,capacitor_bank,5,1,3689,2,4,0.451
EQUIP_0735,transformer,13,3,10060,3.6,16,0.83
EQUIP_0736,circuit_breaker,14,5,8557,3.21,10,0.827
EQUIP_0737,electric_pole,13,3,2356,1.77,6,0.483
EQUIP_0738,insulator,13,5,1200,1.13,2,0.419
EQUIP_0739,transformer,10,2,10388,3.26,16,0.828
EQUIP_0740,circuit_breaker,6,0,6733,2.68,14,0.68
EQUIP_0741,circuit_breaker,17,2,8668,2.85,14,0.874
EQUIP_0742,transformer,1,0,8421,3.2,12,0.672
EQUIP_0743,capacitor_bank,20,4,3884,1.61,3,0.687
EQUIP_0744,fuse_cutout,8,0,1717,0.86,3,0.314
EQUIP_0745,capacitor_bank,10,4,4095,1.7,5,0.477
EQUIP_0746,transformer,7,0,8960,3.08,18,0.774
EQUIP_0747,fuse_cutout,10,3,1695,0.91,3,0.373
EQUIP_0748,transformer,16,8,12326,3.65,20,1
EQUIP_0749,switchgear,11,1,6717,1.96,7,0.734
EQUIP_0750,electric_pole,15,4,2617,1.76,6,0.515
EQUIP_0751,electric_pole,14,0,2649,1.2,7,0.498
EQUIP_0752,transformer,6,1,8323,3.24,20,0.652
EQUIP_0753,switchgear,10,1,6550,2.62,7,0.564
EQUIP_0754,transformer,4,1,8107,2.98,15,0.711
EQUIP_0755,circuit_breaker,11,1,7917,2.65,10,0.653
EQUIP_0756,circuit_breaker,11,3,7673,3.09,11,0.735
EQUIP_0757,switchgear,16,3,5945,2.13,12,0.635
EQUIP_0758,switchgear,5,2,6025,2.04,8,0.439
EQUIP_0759,capacitor_bank,8,1,3936,1.32,4,0.462
EQUIP_0760,insulator,9,1,977,1.14,2,0.388
EQUIP_0761,switchgear,17,7,7820,2.51,11,0.71
EQUIP_0762,circuit_breaker,20,9,9751,3.33,15,0.901
EQUIP_0763,capacitor_bank,2,0,3425,1.19,4,0.388
EQUIP_0764,switchgear,10,1,6031,2.32,9,0.667
EQUIP_0765,fuse_cutout,7,2,1571,1.08,3,0.337
EQUIP_0766,insulator,16,2,1165,1.16,2,0.552
EQUIP_0767,switchgear,7,2,5056,2.29,9,0.537
EQUIP_0768,capacitor_bank,6,2,3677,1.36,6,0.393
EQUIP_0769,transformer,4,1,9810,3.04,18,0.798
EQUIP_0770,switchgear,10,3,7038,2.13,7,0.643
EQUIP_0771,switchgear,8,0,4802,2.31,12,0.623
EQUIP_0772,switchgear,10,2,5221,2.19,11,0.633
EQUIP_0773,fuse_cutout,2,0,1813,0.68,2,0.302
EQUIP_0774,transformer,18,5,12752,3.68,13,0.876
EQUIP_0775,electric_pole,2,0,2158,0.86,5,0.271
EQUIP_0776,switchgear,9,1,6250,2.4,12,0.603
EQUIP_0777,capacitor_bank,16,5,4744,1.6,3,0.605
EQUIP_0778,capacitor_bank,9,2,3714,1.33,3,0.463
EQUIP_0779,transformer,16,2,12034,3.42,20,0.95
EQUIP_0780,transformer,17,4,9697,3.42,15,0.936
EQUIP_0781,switchgear,7,2,6095,2.49,11,0.511
EQUIP_0782,insulator,4,1,1236,1.29,1,0.313
EQUIP_0783,capacitor_bank,17,1,3486,1.55,4,0.59
EQUIP_0784,circuit_breaker,23,2,8836,3.18,10,0.985
EQUIP_0785,electric_pole,14,7,2891,1.69,4,0.467
EQUIP_0786,circuit_breaker,7,1,5926,2.55,13,0.498
EQUIP_0787,insulator,11,2,1152,1.47,2,0.392
EQUIP_0788,circuit_breaker,5,3,6214,2.71,10,0.566
EQUIP_0789,fuse_cutout,9,2,1829,1.58,2,0.403
EQUIP_0790,transformer,7,0,9511,3.16,19,0.677
EQUIP_0791,transformer,7,2,7413,3.27,15,0.641
EQUIP_0792,capacitor_bank,23,3,5229,2.38,6,0.783
EQUIP_0793,transformer,20,1,10302,3.6,15,0.985
EQUIP_0794,fuse_cutout,4,1,1586,1.32,3,0.276
EQUIP_0795,transformer,19,8,9215,3.34,12,1
EQUIP_0796,fuse_cutout,12,2,1943,1.47,2,0.456
EQUIP_0797,switchgear,15,5,5898,2.4,10,0.571
EQUIP_0798,capacitor_bank,11,1,3312,1.4,5,0.478
EQUIP_0799,switchgear,2,2,6219,2.2,10,0.45
EQUIP_0800,capacitor_bank,15,2,4095,2.14,5,0.585
EQUIP_0801,fuse_cutout,7,2,1904,1.19,3,0.385
EQUIP_0802,fuse_cutout,29,4,2664,1.99,2,0.688
EQUIP_0803,capacitor_bank,3,0,2721,1.59,4,0.339
EQUIP_0804,capacitor_bank,21,6,4482,1.87,3,0.819
EQUIP_0805,electric_pole,13,2,2340,1.25,4,0.473
EQUIP_0806,insulator,12,3,1037,1.44,2,0.39
EQUIP_0807,insulator,19,4,1545,1.54,2,0.629
EQUIP_0808,switchgear,7,2,6270,1.85,12,0.451
EQUIP_0809,circuit_breaker,3,1,6583,2.58,14,0.572
EQUIP_0810,fuse_cutout,6,2,1586,1.4,3,0.33
EQUIP_0811,switchgear,7,1,5493,2.07,12,0.531
EQUIP_0812,fuse_cutout,6,2,1895,1.38,3,0.329
EQUIP_0813,electric_pole,20,5,3034,1.73,5,0.676
EQUIP_0814,fuse_cutout,6,2,1889,0.99,3,0.359
EQUIP_0815,circuit_breaker,8,0,7757,2.5,11,0.706
EQUIP_0816,capacitor_bank,8,2,2795,1.69,5,0.484
EQUIP_0817,transformer,5,0,9807,3.03,12,0.744
EQUIP_0818,switchgear,8,2,6738,2.2,9,0.538
EQUIP_0819,switchgear,15,1,7423,2.5,9,0.686
EQUIP_0820,insulator,6,0,1229,1.15,2,0.35
EQUIP_0821,transformer,9,3,8219,3.52,16,0.734
EQUIP_0822,insulator,7,0,1116,1.26,1,0.301
EQUIP_0823,transformer,9,1,10910,3.62,17,0.745
EQUIP_0824,circuit_breaker,14,5,7606,3.25,13,0.728
EQUIP_0825,fuse_cutout,16,1,2044,1.13,2,0.5
EQUIP_0826,fuse_cutout,9,0,1452,1.17,3,0.387
EQUIP_0827,capacitor_bank,7,1,3402,1.56,4,0.492
EQUIP_0828,switchgear,19,3,7718,2.56,11,0.792
EQUIP_0829,switchgear,17,1,5430,2.62,8,0.724
EQUIP_0830,transformer,21,5,11622,3.81,13,1
EQUIP_0831,electric_pole,20,3,3239,1.32,6,0.646
EQUIP_0832,electric_pole,4,0,1875,1.15,5,0.338
EQUIP_0833,fuse_cutout,7,3,1439,1.46,2,0.379
EQUIP_0834,fuse_cutout,18,2,1853,1.41,3,0.518
EQUIP_0835,electric_pole,12,3,2058,1.82,7,0.499
EQUIP_0836,switchgear,7,1,6110,1.82,10,0.653
EQUIP_0837,circuit_breaker,19,7,7777,2.89,12,0.871
EQUIP_0838,electric_pole,8,1,2518,1.04,5,0.353
EQUIP_0839,capacitor_bank,1,1,3588,1.7,5,0.305
EQUIP_0840,transformer,3,1,8080,3.42,15,0.669
EQUIP_0841,circuit_breaker,20,6,8109,2.97,10,0.884
EQUIP_0842,fuse_cutout,9,1,1752,1.59,2,0.396
EQUIP_0843,capacitor_bank,4,1,2758,1.38,5,0.371
EQUIP_0844,capacitor_bank,7,0,3495,1.5,6,0.55
EQUIP_0845,circuit_breaker,7,1,8070,2.54,9,0.628
EQUIP_0846,switchgear,10,4,6662,2.24,8,0.545
EQUIP_0847,insulator,27,2,1744,1.41,2,0.785
EQUIP_0848,circuit_breaker,7,0,7525,2.55,13,0.661
EQUIP_0849,insulator,23,7,1286,1.35,1,0.712
EQUIP_0850,insulator,13,3,1125,1.64,2,0.457
EQUIP_0851,insulator,4,0,1011,1.03,1,0.264
EQUIP_0852,circuit_breaker,9,1,6134,2.57,12,0.682
EQUIP_0853,electric_pole,15,5,2593,1.22,7,0.56
EQUIP_0854,capacitor_bank,9,2,4193,1.76,5,0.454
EQUIP_0855,transformer,15,4,11878,3.44,19,0.782
EQUIP_0856,insulator,19,5,1475,1.42,2,0.559
EQUIP_0857,circuit_breaker,1,0,5583,2.85,10,0.613
EQUIP_0858,capacitor_bank,13,3,3378,2.01,4,0.587
EQUIP_0859,switchgear,8,1,5364,2.21,10,0.577
EQUIP_0860,fuse_cutout,6,2,1464,1.1,3,0.269
EQUIP_0861,switchgear,5,0,5976,2.2,8,0.451
EQUIP_0862,electric_pole,1,0,1819,1.03,4,0.295
EQUIP_0863,insulator,1,0,954,1.17,1,0.277
EQUIP_0864,switchgear,5,0,6480,2.47,7,0.559
EQUIP_0865,circuit_breaker,16,2,8163,3.03,9,0.965
EQUIP_0866,fuse_cutout,7,0,1979,1.48,2,0.289
EQUIP_0867,capacitor_bank,17,1,3285,2.22,5,0.683
EQUIP_0868,insulator,13,7,1263,1.1,2,0.45
EQUIP_0869,capacitor_bank,7,3,3697,1.31,6,0.422
EQUIP_0870,electric_pole,6,1,1806,1.28,4,0.347
EQUIP_0871,capacitor_bank,4,1,3516,1.23,4,0.413
EQUIP_0872,fuse_cutout,16,3,1918,1.2,2,0.505
EQUIP_0873,electric_pole,7,1,2159,1.01,5,0.275
EQUIP_0874,electric_pole,11,0,2104,1.43,6,0.408
EQUIP_0875,insulator,1,0,832,0.89,1,0.277
EQUIP_0876,insulator,4,1,1204,1.13,1,0.303
EQUIP_0877,transformer,26,7,14051,3.76,17,1
EQUIP_0878,electric_pole,18,3,2513,1.97,6,0.582
EQUIP_0879,electric_pole,19,4,3043,1.31,7,0.648
EQUIP_0880,electric_pole,9,2,2085,1.41,4,0.444
EQUIP_0881,fuse_cutout,8,1,1513,1.06,2,0.428
EQUIP_0882,electric_pole,8,0,2475,1.23,6,0.346
EQUIP_0883,electric_pole,14,3,2446,1.64,6,0.49
EQUIP_0884,capacitor_bank,11,3,3330,2.04,4,0.556
EQUIP_0885,switchgear,6,1,6053,2.5,8,0.494
EQUIP_0886,fuse_cutout,4,1,1594,1.07,3,0.412
EQUIP_0887,switchgear,13,2,7486,2.71,10,0.606
EQUIP_0888,fuse_cutout,13,2,1740,1.41,2,0.487
EQUIP_0889,switchgear,9,3,6765,2.17,7,0.595
EQUIP_0890,electric_pole,11,1,2810,1.23,7,0.423
EQUIP_0891,capacitor_bank,1,1,2823,1.79,4,0.366
EQUIP_0892,capacitor_bank,14,1,3150,2.21,3,0.562
EQUIP_0893,fuse_cutout,9,0,1869,1.44,3,0.417
EQUIP_0894,fuse_cutout,8,1,1972,0.91,3,0.322
EQUIP_0895,circuit_breaker,12,6,7255,3.07,12,0.683
EQUIP_0896,insulator,22,6,1366,1.35,2,0.655
EQUIP_0897,insulator,8,1,1054,0.95,2,0.289
EQUIP_0898,electric_pole,8,2,2302,1.04,7,0.399
EQUIP_0899,switchgear,5,1,5386,2.43,12,0.458
EQUIP_0900,circuit_breaker,9,3,7994,2.87,9,0.719
EQUIP_0901,switchgear,13,4,6737,1.93,9,0.674
EQUIP_0902,electric_pole,19,5,2337,1.51,7,0.662
EQUIP_0903,switchgear,23,2,7006,2.96,7,0.857
EQUIP_0904,electric_pole,16,3,3095,1.75,5,0.609
EQUIP_0905,switchgear,7,2,6449,2.26,9,0.511
EQUIP_0906,capacitor_bank,14,6,3281,1.73,6,0.53
EQUIP_0907,capacitor_bank,8,1,3954,2.01,3,0.443
EQUIP_0908,transformer,23,3,13100,3.81,20,1
EQUIP_0909,fuse_cutout,3,1,1710,1.45,2,0.281
EQUIP_0910,insulator,12,4,1393,1.29,1,0.456
EQUIP_0911,switchgear,1,1,5632,2.04,8,0.474
EQUIP_0912,fuse_cutout,9,2,1988,1.04,2,0.333
EQUIP_0913,insulator,5,0,1277,0.83,2,0.308
EQUIP_0914,capacitor_bank,14,5,4276,1.99,4,0.566
EQUIP_0915,transformer,18,3,10089,3.09,17,1
EQUIP_0916,electric_pole,4,0,2508,1.09,4,0.287
EQUIP_0917,capacitor_bank,22,4,3934,2.02,4,0.792
EQUIP_0918,circuit_breaker,8,0,7952,2.86,13,0.661
EQUIP_0919,fuse_cutout,20,1,2364,1.39,3,0.586
EQUIP_0920,fuse_cutout,7,2,1977,1.51,2,0.337
EQUIP_0921,electric_pole,13,1,2237,1.37,6,0.479
EQUIP_0922,circuit_breaker,7,1,7696,2.37,13,0.634
EQUIP_0923,circuit_breaker,3,0,5939,2.55,15,0.579
EQUIP_0924,switchgear,9,2,5621,2.3,7,0.541
EQUIP_0925,switchgear,9,1,6361,2.03,8,0.664
EQUIP_0926,circuit_breaker,12,3,6739,2.5,11,0.822
EQUIP_0927,circuit_breaker,4,1,6019,2.55,10,0.653
EQUIP_0928,switchgear,21,4,5891,2.78,12,0.781
EQUIP_0929,switchgear,23,6,7479,2.75,11,0.839
EQUIP_0930,transformer,14,3,11193,3.42,15,0.844
EQUIP_0931,fuse_cutout,15,4,2150,1.32,3,0.545
EQUIP_0932,fuse_cutout,22,7,2536,1.28,2,0.71
EQUIP_0933,circuit_breaker,7,2,5739,2.77,11,0.675
EQUIP_0934,fuse_cutout,5,3,1399,1.15,2,0.333
EQUIP_0935,insulator,15,7,1283,1,1,0.593
EQUIP_0936,switchgear,5,1,4773,1.73,11,0.485
EQUIP_0937,electric_pole,5,1,2460,1.12,5,0.424
EQUIP_0938,electric_pole,10,5,2378,1.39,4,0.448
EQUIP_0939,electric_pole,19,2,3018,1.82,5,0.635
EQUIP_0940,capacitor_bank,11,1,3166,1.69,4,0.501
EQUIP_0941,fuse_cutout,19,3,1737,1.34,2,0.601
EQUIP_0942,capacitor_bank,12,6,3267,1.84,4,0.583
EQUIP_0943,transformer,6,1,7269,3.31,18,0.766
EQUIP_0944,electric_pole,5,0,1914,1.54,7,0.321
EQUIP_0945,capacitor_bank,11,1,3083,1.48,6,0.525
EQUIP_0946,electric_pole,13,4,2859,1.26,4,0.572
EQUIP_0947,fuse_cutout,1,0,1454,1.18,2,0.125
EQUIP_0948,transformer,21,4,11921,3.41,19,1
EQUIP_0949,switchgear,10,5,5097,2.3,12,0.562
EQUIP_0950,insulator,9,2,1244,1.6,1,0.305
EQUIP_0951,transformer,8,0,10260,3.26,17,0.772
EQUIP_0952,fuse_cutout,5,0,1610,0.93,3,0.363
EQUIP_0953,circuit_breaker,20,7,9567,3.21,10,0.922
EQUIP_0954,insulator,12,4,1400,1.02,1,0.363
EQUIP_0955,switchgear,12,1,5241,1.99,9,0.74
EQUIP_0956,capacitor_bank,5,1,3238,1.35,6,0.436
EQUIP_0957,capacitor_bank,21,2,3540,1.94,3,0.718
EQUIP_0958,capacitor_bank,14,2,3757,1.67,3,0.569
EQUIP_0959,transformer,7,1,8309,3.49,16,0.743
EQUIP_0960,circuit_breaker,19,3,7473,2.62,15,0.876
EQUIP_0961,insulator,13,1,1014,1.64,2,0.428
EQUIP_0962,switchgear,20,5,6519,2.16,7,0.797
EQUIP_0963,switchgear,9,2,5134,2.08,7,0.47
EQUIP_0964,switchgear,6,0,6396,2.49,7,0.512
EQUIP_0965,fuse_cutout,7,2,1751,1.2,3,0.375
EQUIP_0966,electric_pole,2,0,1720,0.98,7,0.325
EQUIP_0967,circuit_breaker,20,7,8123,2.83,13,0.919
EQUIP_0968,circuit_breaker,4,0,6803,2.91,9,0.44
EQUIP_0969,electric_pole,9,2,2364,1.79,4,0.451
EQUIP_0970,insulator,16,5,1394,1.05,1,0.605
EQUIP_0971,capacitor_bank,14,2,3361,1.85,5,0.581
EQUIP_0972,fuse_cutout,9,1,1876,0.92,2,0.373
EQUIP_0973,transformer,18,4,11459,3.09,17,0.969
EQUIP_0974,fuse_cutout,14,6,2199,1.5,3,0.468
EQUIP_0975,circuit_breaker,6,1,7211,3,13,0.582
EQUIP_0976,electric_pole,12,0,2242,1.53,6,0.41
EQUIP_0977,circuit_breaker,7,0,5779,2.73,14,0.648
EQUIP_0978,insulator,15,5,1072,1.31,1,0.543
EQUIP_0979,electric_pole,8,2,2703,1.19,4,0.4
EQUIP_0980,electric_pole,13,4,2102,1.71,7,0.382
EQUIP_0981,insulator,16,2,1128,1.44,2,0.571
EQUIP_0982,insulator,15,1,1276,1.61,1,0.597
EQUIP_0983,circuit_breaker,4,0,7239,2.84,9,0.537
EQUIP_0984,fuse_cutout,5,1,1525,0.97,3,0.227
EQUIP_0985,circuit_breaker,11,2,8753,2.5,12,0.704
EQUIP_0986,insulator,17,5,1597,1.28,1,0.586
EQUIP_0987,transformer,19,4,9226,3.14,15,0.958
EQUIP_0988,insulator,10,2,1436,1.09,2,0.399
EQUIP_0989,insulator,14,3,1422,1.53,1,0.429
EQUIP_0990,transformer,22,2,11851,3.23,12,1
EQUIP_0991,transformer,18,5,10405,3.12,17,0.871
EQUIP_0992,capacitor_bank,5,1,3152,1.88,4,0.492
EQUIP_0993,transformer,13,1,11040,3.49,20,0.925
EQUIP_0994,insulator,7,1,1053,0.97,1,0.378
EQUIP_0995,transformer,5,1,7376,2.86,12,0.676
EQUIP_0996,insulator,9,2,1022,0.99,2,0.335
EQUIP_0997,circuit_breaker,4,0,5789,2.79,8,0.652
EQUIP_0998,switchgear,12,2,5355,2.29,8,0.691
EQUIP_0999,circuit_breaker,15,4,8513,3.07,11,0.805
EQUIP_1000,electric_pole,1,0,1817,1.61,6,0.293
